<annotation>
	<folder>train</folder>
	<filename>11.JPEG</filename>
	<path>/Users/macbook/Desktop/PythonClass/4th Class/drone/train/11.JPEG</path>
	<source>
		<database>Unknown</database>
	</source>
	<size>
		<width>596</width>
		<height>349</height>
		<depth>3</depth>
	</size>
	<segmented>0</segmented>
	<object>
		<name>drone</name>
		<pose>Unspecified</pose>
		<truncated>0</truncated>
		<difficult>0</difficult>
		<bndbox>
			<xmin>135</xmin>
			<ymin>115</ymin>
			<xmax>580</xmax>
			<ymax>325</ymax>
		</bndbox>
	</object>
</annotation>
