<annotation>
	<folder>train</folder>
	<filename>112.JPEG</filename>
	<path>/Users/macbook/Desktop/PythonClass/4th Class/drone/train/112.JPEG</path>
	<source>
		<database>Unknown</database>
	</source>
	<size>
		<width>800</width>
		<height>450</height>
		<depth>3</depth>
	</size>
	<segmented>0</segmented>
	<object>
		<name>drone</name>
		<pose>Unspecified</pose>
		<truncated>0</truncated>
		<difficult>0</difficult>
		<bndbox>
			<xmin>41</xmin>
			<ymin>64</ymin>
			<xmax>747</xmax>
			<ymax>386</ymax>
		</bndbox>
	</object>
</annotation>
