<annotation>
	<folder>train</folder>
	<filename>113.JPEG</filename>
	<path>/Users/macbook/Desktop/PythonClass/4th Class/drone/train/113.JPEG</path>
	<source>
		<database>Unknown</database>
	</source>
	<size>
		<width>890</width>
		<height>559</height>
		<depth>3</depth>
	</size>
	<segmented>0</segmented>
	<object>
		<name>drone</name>
		<pose>Unspecified</pose>
		<truncated>0</truncated>
		<difficult>0</difficult>
		<bndbox>
			<xmin>11</xmin>
			<ymin>84</ymin>
			<xmax>153</xmax>
			<ymax>169</ymax>
		</bndbox>
	</object>
	<object>
		<name>drone</name>
		<pose>Unspecified</pose>
		<truncated>0</truncated>
		<difficult>0</difficult>
		<bndbox>
			<xmin>420</xmin>
			<ymin>57</ymin>
			<xmax>807</xmax>
			<ymax>276</ymax>
		</bndbox>
	</object>
</annotation>
