<annotation>
	<folder>train</folder>
	<filename>116.JPEG</filename>
	<path>/Users/macbook/Desktop/PythonClass/4th Class/drone/train/116.JPEG</path>
	<source>
		<database>Unknown</database>
	</source>
	<size>
		<width>960</width>
		<height>590</height>
		<depth>3</depth>
	</size>
	<segmented>0</segmented>
	<object>
		<name>drone</name>
		<pose>Unspecified</pose>
		<truncated>0</truncated>
		<difficult>0</difficult>
		<bndbox>
			<xmin>125</xmin>
			<ymin>108</ymin>
			<xmax>682</xmax>
			<ymax>373</ymax>
		</bndbox>
	</object>
</annotation>
