<annotation>
	<folder>train</folder>
	<filename>126.JPEG</filename>
	<path>/Users/macbook/Desktop/PythonClass/4th Class/drone/train/126.JPEG</path>
	<source>
		<database>Unknown</database>
	</source>
	<size>
		<width>575</width>
		<height>390</height>
		<depth>3</depth>
	</size>
	<segmented>0</segmented>
	<object>
		<name>drone</name>
		<pose>Unspecified</pose>
		<truncated>0</truncated>
		<difficult>0</difficult>
		<bndbox>
			<xmin>53</xmin>
			<ymin>73</ymin>
			<xmax>553</xmax>
			<ymax>305</ymax>
		</bndbox>
	</object>
</annotation>
