<annotation>
	<folder>train</folder>
	<filename>145.JPEG</filename>
	<path>/Users/macbook/Desktop/PythonClass/4th Class/drone/train/145.JPEG</path>
	<source>
		<database>Unknown</database>
	</source>
	<size>
		<width>1920</width>
		<height>1090</height>
		<depth>3</depth>
	</size>
	<segmented>0</segmented>
	<object>
		<name>drone</name>
		<pose>Unspecified</pose>
		<truncated>0</truncated>
		<difficult>0</difficult>
		<bndbox>
			<xmin>613</xmin>
			<ymin>392</ymin>
			<xmax>922</xmax>
			<ymax>560</ymax>
		</bndbox>
	</object>
</annotation>
