<annotation>
	<folder>train</folder>
	<filename>146.JPEG</filename>
	<path>/Users/macbook/Desktop/PythonClass/4th Class/drone/train/146.JPEG</path>
	<source>
		<database>Unknown</database>
	</source>
	<size>
		<width>557</width>
		<height>371</height>
		<depth>3</depth>
	</size>
	<segmented>0</segmented>
	<object>
		<name>drone</name>
		<pose>Unspecified</pose>
		<truncated>0</truncated>
		<difficult>0</difficult>
		<bndbox>
			<xmin>239</xmin>
			<ymin>251</ymin>
			<xmax>309</xmax>
			<ymax>299</ymax>
		</bndbox>
	</object>
	<object>
		<name>drone</name>
		<pose>Unspecified</pose>
		<truncated>0</truncated>
		<difficult>0</difficult>
		<bndbox>
			<xmin>301</xmin>
			<ymin>265</ymin>
			<xmax>358</xmax>
			<ymax>308</ymax>
		</bndbox>
	</object>
</annotation>
