<annotation>
	<folder>train</folder>
	<filename>148.JPEG</filename>
	<path>/Users/macbook/Desktop/PythonClass/4th Class/drone/train/148.JPEG</path>
	<source>
		<database>Unknown</database>
	</source>
	<size>
		<width>1200</width>
		<height>630</height>
		<depth>3</depth>
	</size>
	<segmented>0</segmented>
	<object>
		<name>drone</name>
		<pose>Unspecified</pose>
		<truncated>0</truncated>
		<difficult>0</difficult>
		<bndbox>
			<xmin>537</xmin>
			<ymin>85</ymin>
			<xmax>1015</xmax>
			<ymax>406</ymax>
		</bndbox>
	</object>
</annotation>
