<annotation>
	<folder>train</folder>
	<filename>151.JPEG</filename>
	<path>/Users/macbook/Desktop/PythonClass/4th Class/drone/train/151.JPEG</path>
	<source>
		<database>Unknown</database>
	</source>
	<size>
		<width>800</width>
		<height>600</height>
		<depth>3</depth>
	</size>
	<segmented>0</segmented>
	<object>
		<name>drone</name>
		<pose>Unspecified</pose>
		<truncated>0</truncated>
		<difficult>0</difficult>
		<bndbox>
			<xmin>265</xmin>
			<ymin>93</ymin>
			<xmax>506</xmax>
			<ymax>252</ymax>
		</bndbox>
	</object>
</annotation>
