<annotation>
	<folder>train</folder>
	<filename>197.JPEG</filename>
	<path>C:\Users\Jahid\Desktop\PY_CLASS\CLASS_4\drone\train\197.JPEG</path>
	<source>
		<database>Unknown</database>
	</source>
	<size>
		<width>879</width>
		<height>659</height>
		<depth>3</depth>
	</size>
	<segmented>0</segmented>
	<object>
		<name>drone</name>
		<pose>Unspecified</pose>
		<truncated>0</truncated>
		<difficult>0</difficult>
		<bndbox>
			<xmin>611</xmin>
			<ymin>202</ymin>
			<xmax>762</xmax>
			<ymax>304</ymax>
		</bndbox>
	</object>
</annotation>
