<annotation>
	<folder>train</folder>
	<filename>200.JPEG</filename>
	<path>C:\Users\Jahid\Desktop\PY_CLASS\CLASS_4\drone\train\200.JPEG</path>
	<source>
		<database>Unknown</database>
	</source>
	<size>
		<width>1920</width>
		<height>1090</height>
		<depth>3</depth>
	</size>
	<segmented>0</segmented>
	<object>
		<name>drone</name>
		<pose>Unspecified</pose>
		<truncated>0</truncated>
		<difficult>0</difficult>
		<bndbox>
			<xmin>656</xmin>
			<ymin>445</ymin>
			<xmax>774</xmax>
			<ymax>549</ymax>
		</bndbox>
	</object>
</annotation>
