<annotation>
	<folder>train</folder>
	<filename>216.JPEG</filename>
	<path>C:\Users\Jahid\Desktop\PY_CLASS\CLASS_4\drone\train\216.JPEG</path>
	<source>
		<database>Unknown</database>
	</source>
	<size>
		<width>720</width>
		<height>407</height>
		<depth>3</depth>
	</size>
	<segmented>0</segmented>
	<object>
		<name>drone</name>
		<pose>Unspecified</pose>
		<truncated>0</truncated>
		<difficult>0</difficult>
		<bndbox>
			<xmin>113</xmin>
			<ymin>57</ymin>
			<xmax>548</xmax>
			<ymax>320</ymax>
		</bndbox>
	</object>
</annotation>
