<annotation>
	<folder>train</folder>
	<filename>220.JPEG</filename>
	<path>C:\Users\Jahid\Desktop\PY_CLASS\CLASS_4\drone\train\220.JPEG</path>
	<source>
		<database>Unknown</database>
	</source>
	<size>
		<width>800</width>
		<height>533</height>
		<depth>3</depth>
	</size>
	<segmented>0</segmented>
	<object>
		<name>drone</name>
		<pose>Unspecified</pose>
		<truncated>0</truncated>
		<difficult>0</difficult>
		<bndbox>
			<xmin>245</xmin>
			<ymin>222</ymin>
			<xmax>628</xmax>
			<ymax>390</ymax>
		</bndbox>
	</object>
</annotation>
