<annotation>
	<folder>train</folder>
	<filename>238.JPEG</filename>
	<path>C:\Users\Jahid\Desktop\PY_CLASS\CLASS_4\drone\train\238.JPEG</path>
	<source>
		<database>Unknown</database>
	</source>
	<size>
		<width>900</width>
		<height>600</height>
		<depth>3</depth>
	</size>
	<segmented>0</segmented>
	<object>
		<name>drone</name>
		<pose>Unspecified</pose>
		<truncated>0</truncated>
		<difficult>0</difficult>
		<bndbox>
			<xmin>440</xmin>
			<ymin>210</ymin>
			<xmax>595</xmax>
			<ymax>363</ymax>
		</bndbox>
	</object>
</annotation>
