<annotation>
	<folder>train</folder>
	<filename>25.JPEG</filename>
	<path>/Users/macbook/Desktop/PythonClass/4th Class/drone/train/25.JPEG</path>
	<source>
		<database>Unknown</database>
	</source>
	<size>
		<width>800</width>
		<height>440</height>
		<depth>3</depth>
	</size>
	<segmented>0</segmented>
	<object>
		<name>drone</name>
		<pose>Unspecified</pose>
		<truncated>0</truncated>
		<difficult>0</difficult>
		<bndbox>
			<xmin>229</xmin>
			<ymin>66</ymin>
			<xmax>703</xmax>
			<ymax>299</ymax>
		</bndbox>
	</object>
</annotation>
