<annotation>
	<folder>train</folder>
	<filename>28.JPEG</filename>
	<path>/Users/macbook/Desktop/PythonClass/4th Class/drone/train/28.JPEG</path>
	<source>
		<database>Unknown</database>
	</source>
	<size>
		<width>970</width>
		<height>548</height>
		<depth>3</depth>
	</size>
	<segmented>0</segmented>
	<object>
		<name>drone</name>
		<pose>Unspecified</pose>
		<truncated>0</truncated>
		<difficult>0</difficult>
		<bndbox>
			<xmin>432</xmin>
			<ymin>87</ymin>
			<xmax>687</xmax>
			<ymax>273</ymax>
		</bndbox>
	</object>
</annotation>
