<annotation>
	<folder>train</folder>
	<filename>4.JPEG</filename>
	<path>/Users/macbook/Desktop/PythonClass/4th Class/drone/train/4.JPEG</path>
	<source>
		<database>Unknown</database>
	</source>
	<size>
		<width>600</width>
		<height>401</height>
		<depth>3</depth>
	</size>
	<segmented>0</segmented>
	<object>
		<name>drone</name>
		<pose>Unspecified</pose>
		<truncated>0</truncated>
		<difficult>0</difficult>
		<bndbox>
			<xmin>50</xmin>
			<ymin>71</ymin>
			<xmax>534</xmax>
			<ymax>346</ymax>
		</bndbox>
	</object>
</annotation>
