<annotation>
	<folder>train</folder>
	<filename>41.JPEG</filename>
	<path>/Users/macbook/Desktop/PythonClass/4th Class/drone/train/41.JPEG</path>
	<source>
		<database>Unknown</database>
	</source>
	<size>
		<width>770</width>
		<height>433</height>
		<depth>3</depth>
	</size>
	<segmented>0</segmented>
	<object>
		<name>drone</name>
		<pose>Unspecified</pose>
		<truncated>0</truncated>
		<difficult>0</difficult>
		<bndbox>
			<xmin>43</xmin>
			<ymin>83</ymin>
			<xmax>763</xmax>
			<ymax>421</ymax>
		</bndbox>
	</object>
</annotation>
