<annotation>
	<folder>train</folder>
	<filename>42.JPEG</filename>
	<path>/Users/macbook/Desktop/PythonClass/4th Class/drone/train/42.JPEG</path>
	<source>
		<database>Unknown</database>
	</source>
	<size>
		<width>800</width>
		<height>600</height>
		<depth>3</depth>
	</size>
	<segmented>0</segmented>
	<object>
		<name>drone</name>
		<pose>Unspecified</pose>
		<truncated>0</truncated>
		<difficult>0</difficult>
		<bndbox>
			<xmin>269</xmin>
			<ymin>76</ymin>
			<xmax>774</xmax>
			<ymax>407</ymax>
		</bndbox>
	</object>
</annotation>
