<annotation>
	<folder>train</folder>
	<filename>54.JPEG</filename>
	<path>/Users/macbook/Desktop/PythonClass/4th Class/drone/train/54.JPEG</path>
	<source>
		<database>Unknown</database>
	</source>
	<size>
		<width>550</width>
		<height>309</height>
		<depth>3</depth>
	</size>
	<segmented>0</segmented>
	<object>
		<name>drone</name>
		<pose>Unspecified</pose>
		<truncated>0</truncated>
		<difficult>0</difficult>
		<bndbox>
			<xmin>73</xmin>
			<ymin>7</ymin>
			<xmax>357</xmax>
			<ymax>242</ymax>
		</bndbox>
	</object>
</annotation>
