<annotation>
	<folder>train</folder>
	<filename>56.JPEG</filename>
	<path>/Users/macbook/Desktop/PythonClass/4th Class/drone/train/56.JPEG</path>
	<source>
		<database>Unknown</database>
	</source>
	<size>
		<width>1280</width>
		<height>738</height>
		<depth>3</depth>
	</size>
	<segmented>0</segmented>
	<object>
		<name>drone</name>
		<pose>Unspecified</pose>
		<truncated>0</truncated>
		<difficult>0</difficult>
		<bndbox>
			<xmin>128</xmin>
			<ymin>152</ymin>
			<xmax>388</xmax>
			<ymax>276</ymax>
		</bndbox>
	</object>
	<object>
		<name>drone</name>
		<pose>Unspecified</pose>
		<truncated>0</truncated>
		<difficult>0</difficult>
		<bndbox>
			<xmin>656</xmin>
			<ymin>239</ymin>
			<xmax>847</xmax>
			<ymax>357</ymax>
		</bndbox>
	</object>
</annotation>
