<annotation>
	<folder>train</folder>
	<filename>59.JPEG</filename>
	<path>/Users/macbook/Desktop/PythonClass/4th Class/drone/train/59.JPEG</path>
	<source>
		<database>Unknown</database>
	</source>
	<size>
		<width>970</width>
		<height>545</height>
		<depth>3</depth>
	</size>
	<segmented>0</segmented>
	<object>
		<name>drone</name>
		<pose>Unspecified</pose>
		<truncated>0</truncated>
		<difficult>0</difficult>
		<bndbox>
			<xmin>34</xmin>
			<ymin>53</ymin>
			<xmax>930</xmax>
			<ymax>465</ymax>
		</bndbox>
	</object>
</annotation>
