<annotation>
	<folder>train</folder>
	<filename>65.JPEG</filename>
	<path>/Users/macbook/Desktop/PythonClass/4th Class/drone/train/65.JPEG</path>
	<source>
		<database>Unknown</database>
	</source>
	<size>
		<width>480</width>
		<height>360</height>
		<depth>3</depth>
	</size>
	<segmented>0</segmented>
	<object>
		<name>drone</name>
		<pose>Unspecified</pose>
		<truncated>0</truncated>
		<difficult>0</difficult>
		<bndbox>
			<xmin>335</xmin>
			<ymin>115</ymin>
			<xmax>428</xmax>
			<ymax>231</ymax>
		</bndbox>
	</object>
</annotation>
