<annotation>
	<folder>train</folder>
	<filename>73.JPEG</filename>
	<path>/Users/macbook/Desktop/PythonClass/4th Class/drone/train/73.JPEG</path>
	<source>
		<database>Unknown</database>
	</source>
	<size>
		<width>1000</width>
		<height>665</height>
		<depth>3</depth>
	</size>
	<segmented>0</segmented>
	<object>
		<name>drone</name>
		<pose>Unspecified</pose>
		<truncated>0</truncated>
		<difficult>0</difficult>
		<bndbox>
			<xmin>69</xmin>
			<ymin>106</ymin>
			<xmax>813</xmax>
			<ymax>437</ymax>
		</bndbox>
	</object>
</annotation>
