<annotation>
	<folder>train</folder>
	<filename>79.JPEG</filename>
	<path>/Users/macbook/Desktop/PythonClass/4th Class/drone/train/79.JPEG</path>
	<source>
		<database>Unknown</database>
	</source>
	<size>
		<width>600</width>
		<height>400</height>
		<depth>3</depth>
	</size>
	<segmented>0</segmented>
	<object>
		<name>drone</name>
		<pose>Unspecified</pose>
		<truncated>0</truncated>
		<difficult>0</difficult>
		<bndbox>
			<xmin>8</xmin>
			<ymin>20</ymin>
			<xmax>577</xmax>
			<ymax>385</ymax>
		</bndbox>
	</object>
</annotation>
