<annotation>
	<folder>train</folder>
	<filename>82.JPEG</filename>
	<path>/Users/macbook/Desktop/PythonClass/4th Class/drone/train/82.JPEG</path>
	<source>
		<database>Unknown</database>
	</source>
	<size>
		<width>640</width>
		<height>480</height>
		<depth>3</depth>
	</size>
	<segmented>0</segmented>
	<object>
		<name>drone</name>
		<pose>Unspecified</pose>
		<truncated>0</truncated>
		<difficult>0</difficult>
		<bndbox>
			<xmin>108</xmin>
			<ymin>118</ymin>
			<xmax>611</xmax>
			<ymax>360</ymax>
		</bndbox>
	</object>
</annotation>
