<annotation>
	<folder>train</folder>
	<filename>83.JPEG</filename>
	<path>/Users/macbook/Desktop/PythonClass/4th Class/drone/train/83.JPEG</path>
	<source>
		<database>Unknown</database>
	</source>
	<size>
		<width>840</width>
		<height>485</height>
		<depth>3</depth>
	</size>
	<segmented>0</segmented>
	<object>
		<name>drone</name>
		<pose>Unspecified</pose>
		<truncated>0</truncated>
		<difficult>0</difficult>
		<bndbox>
			<xmin>402</xmin>
			<ymin>237</ymin>
			<xmax>601</xmax>
			<ymax>364</ymax>
		</bndbox>
	</object>
</annotation>
