<annotation>
	<folder>train</folder>
	<filename>86.JPEG</filename>
	<path>/Users/macbook/Desktop/PythonClass/4th Class/drone/train/86.JPEG</path>
	<source>
		<database>Unknown</database>
	</source>
	<size>
		<width>750</width>
		<height>442</height>
		<depth>3</depth>
	</size>
	<segmented>0</segmented>
	<object>
		<name>drone</name>
		<pose>Unspecified</pose>
		<truncated>0</truncated>
		<difficult>0</difficult>
		<bndbox>
			<xmin>185</xmin>
			<ymin>94</ymin>
			<xmax>596</xmax>
			<ymax>332</ymax>
		</bndbox>
	</object>
</annotation>
