<annotation>
	<folder>train</folder>
	<filename>88.JPEG</filename>
	<path>/Users/macbook/Desktop/PythonClass/4th Class/drone/train/88.JPEG</path>
	<source>
		<database>Unknown</database>
	</source>
	<size>
		<width>1920</width>
		<height>1090</height>
		<depth>3</depth>
	</size>
	<segmented>0</segmented>
	<object>
		<name>drone</name>
		<pose>Unspecified</pose>
		<truncated>0</truncated>
		<difficult>0</difficult>
		<bndbox>
			<xmin>509</xmin>
			<ymin>325</ymin>
			<xmax>917</xmax>
			<ymax>510</ymax>
		</bndbox>
	</object>
</annotation>
