<annotation>
	<folder>train</folder>
	<filename>96.JPEG</filename>
	<path>/Users/macbook/Desktop/PythonClass/4th Class/drone/train/96.JPEG</path>
	<source>
		<database>Unknown</database>
	</source>
	<size>
		<width>830</width>
		<height>467</height>
		<depth>3</depth>
	</size>
	<segmented>0</segmented>
	<object>
		<name>drone</name>
		<pose>Unspecified</pose>
		<truncated>0</truncated>
		<difficult>0</difficult>
		<bndbox>
			<xmin>295</xmin>
			<ymin>58</ymin>
			<xmax>726</xmax>
			<ymax>398</ymax>
		</bndbox>
	</object>
</annotation>
